sid,arrsize,bsize,nthreads,total,draw,scatter,sort,gather
0,33554432,409,1,9261336.614258,255650.739258,2627361.972656,6022900.551758,355416.214844
1,33554432,409,1,9228960.471680,219384.886719,2631760.743164,6022741.861328,355068.836914
2,33554432,409,1,9229000.222656,219402.850586,2627803.145508,6026691.306641,355100.023438
3,33554432,409,1,9221563.164062,219409.879883,2623267.829102,6023671.880859,355210.738281
4,33554432,409,1,9222545.160156,219432.823242,2627515.660156,6020628.734375,354964.832031
5,33554432,409,1,9228498.098633,219518.754883,2631227.428711,6022680.588867,355067.725586
6,33554432,409,1,9228154.711914,219410.005859,2628785.133789,6024318.287109,355637.693359
7,33554432,409,1,9229043.671875,219419.591797,2633497.111328,6021068.466797,355054.477539
8,33554432,409,1,9226255.132812,219369.278320,2628276.452148,6023574.924805,355030.931641
9,33554432,409,1,9224749.583984,219439.773438,2631863.889648,6018320.932617,355121.591797
0,33554432,409,2,4976156.749023,128603.629883,1654073.340820,3015230.678711,178199.490234
1,33554432,409,2,4933503.387695,109901.037109,1633495.638672,3011947.207031,178152.584961
2,33554432,409,2,4932895.196289,109897.152344,1630904.168945,3013578.604492,178508.018555
3,33554432,409,2,4913269.974609,109878.951172,1612113.675781,3012715.517578,178554.647461
4,33554432,409,2,4912257.084961,109932.660156,1610582.204102,3013205.432617,178529.004883
5,33554432,409,2,4913180.046875,109921.574219,1613613.474609,3011418.763672,178219.103516
6,33554432,409,2,4892008.523438,109944.700195,1592290.637695,3011277.823242,178487.677734
7,33554432,409,2,4893984.335938,109927.095703,1589948.584961,3015490.712891,178611.360352
8,33554432,409,2,4871885.008789,109958.712891,1570252.021484,3013221.336914,178445.359375
9,33554432,409,2,4876021.267578,109900.242188,1574785.288086,3013227.033203,178102.541016
0,33554432,409,3,3405879.531250,86080.396484,1191875.578125,2008784.511719,119074.821289
1,33554432,409,3,3378386.358398,73377.211914,1176754.750000,2009212.063477,119032.815430
2,33554432,409,3,3368765.604492,73298.794922,1166369.376953,2009981.929688,119105.129883
3,33554432,409,3,3326122.362305,73313.975586,1124425.373047,2009286.766602,119086.270508
4,33554432,409,3,3321997.227539,73323.944336,1121394.971680,2007992.683594,119274.983398
5,33554432,409,3,3323348.619141,73300.082031,1122060.227539,2009036.725586,118941.372070
6,33554432,409,3,3323751.678711,73296.675781,1121706.628906,2009745.114258,118993.131836
7,33554432,409,3,3321191.762695,73303.730469,1120600.011719,2007989.551758,119288.407227
8,33554432,409,3,3326673.437500,73328.814453,1125305.992188,2009041.021484,118987.750000
9,33554432,409,3,3320366.484375,73311.523438,1120068.131836,2007700.373047,119276.482422
0,33554432,409,4,2619290.564453,64761.898438,958727.874023,1506068.757812,89646.848633
1,33554432,409,4,2580529.771484,55078.083008,930355.541016,1505748.392578,89336.697266
2,33554432,409,4,2576116.624023,55086.509766,925664.356445,1505984.716797,89370.692383
3,33554432,409,4,2546769.970703,55079.131836,895895.187500,1506177.020508,89608.428711
4,33554432,409,4,2548039.190430,55124.253906,896715.824219,1506705.847656,89483.138672
5,33554432,409,4,2541418.596680,55112.606445,888624.343750,1506324.146484,91346.097656
6,33554432,409,4,2539003.004883,55130.544922,887936.989258,1506309.861328,89615.114258
7,33554432,409,4,2546562.538086,55072.512695,895149.146484,1506748.393555,89582.003906
8,33554432,409,4,2544882.428711,55096.611328,893427.990234,1506808.814453,89538.462891
9,33554432,409,4,2537491.015625,55120.869141,886928.926758,1505858.722656,89571.405273
0,33554432,409,5,2128670.889648,51642.015625,798687.889648,1206503.581055,71726.875977
1,33554432,409,5,2089785.136719,44039.946289,769029.245117,1204921.146484,71782.895508
2,33554432,409,5,2079024.456055,44024.043945,757777.742188,1205580.046875,71631.188477
3,33554432,409,5,2076388.327148,43977.330078,754558.997070,1206178.226562,71661.813477
4,33554432,409,5,2080681.138672,43992.932617,759475.978516,1205436.515625,71764.926758
5,33554432,409,5,2062122.756836,44029.010742,741318.807617,1205016.889648,71747.909180
6,33554432,409,5,2064020.947266,44038.372070,743588.761719,1204757.612305,71625.060547
7,33554432,409,5,2060157.438477,44006.984375,738787.000977,1205470.783203,71881.099609
8,33554432,409,5,2050309.998047,44037.512695,728624.779297,1205924.951172,71711.311523
9,33554432,409,5,2049475.836914,43981.509766,728536.959961,1205219.361328,71726.067383
0,33554432,409,6,2104657.860352,43082.733398,989723.458008,1010285.635742,61434.340820
1,33554432,409,6,2145585.949219,38111.786133,1036382.776367,1009750.626953,61327.018555
2,33554432,409,6,2149476.369141,37985.924805,1040158.166992,1009858.168945,61459.017578
3,33554432,409,6,2147525.015625,38121.255859,1037225.311523,1010683.886719,61480.225586
4,33554432,409,6,2129743.444336,38033.159180,1021053.708008,1009524.364258,61119.010742
5,33554432,409,6,2131895.938477,37946.160156,1023980.719727,1008513.416992,61442.590820
6,33554432,409,6,2133432.055664,38070.169922,1023483.728516,1010459.601562,61404.352539
7,33554432,409,6,2139748.953125,37998.587891,1030426.184570,1009889.808594,61419.334961
8,33554432,409,6,2131814.829102,37944.283203,1022642.080078,1009989.341797,61224.386719
9,33554432,409,6,2128534.368164,38096.654297,1018554.989258,1010633.059570,61236.811523
0,33554432,409,7,1854636.035156,36912.719727,901038.185547,864711.419922,51819.787109
1,33554432,409,7,1821296.186523,33157.090820,870121.296875,865969.595703,52033.192383
2,33554432,409,7,1821628.977539,32891.100586,870271.257812,866424.472656,52027.710938
3,33554432,409,7,1816135.682617,32935.097656,865305.610352,865818.466797,52061.409180
4,33554432,409,7,1805352.047852,32909.813477,853837.908203,866663.019531,51925.775391
5,33554432,409,7,1804770.824219,32949.830078,854158.941406,865627.565430,52019.818359
6,33554432,409,7,1805107.688477,32951.405273,854888.226562,865306.246094,51944.103516
7,33554432,409,7,1809667.238281,32821.827148,859601.618164,865251.664062,51976.378906
8,33554432,409,7,1813008.862305,33000.947266,861563.254883,866447.581055,51981.778320
9,33554432,409,7,1803936.021484,33005.258789,854765.562500,864259.738281,51890.316406
0,33554432,409,8,1734904.034180,32469.248047,900111.870117,756618.013672,45522.578125
1,33554432,409,8,1699052.350586,28847.791016,867361.388672,757332.570312,45494.252930
2,33554432,409,8,1697177.829102,28842.858398,865405.585938,757233.815430,45679.242188
3,33554432,409,8,1698870.414062,28932.027344,866391.659180,758029.434570,45500.939453
4,33554432,409,8,1689914.600586,28869.785156,858954.959961,756449.088867,45624.285156
5,33554432,409,8,1690602.227539,28999.950195,858495.566406,757433.229492,45657.100586
6,33554432,409,8,1689721.128906,28867.958984,859085.406250,756143.900391,45608.769531
7,33554432,409,8,1688146.147461,28885.749023,856092.183594,757549.039062,45603.528320
8,33554432,409,8,1688826.400391,29009.625000,857663.288086,756545.765625,45593.195312
9,33554432,409,8,1686984.002930,29007.587891,855859.190430,756607.773438,45493.101562
0,33554432,409,9,1606536.630859,28990.146484,863574.760742,673084.923828,40673.718750
1,33554432,409,9,1564410.075195,25812.977539,824916.548828,673067.058594,40597.136719
2,33554432,409,9,1563194.345703,25793.166016,824158.911133,672675.708008,40548.441406
3,33554432,409,9,1565446.306641,25886.010742,826093.375000,672852.083008,40596.798828
4,33554432,409,9,1562669.151367,25763.233398,823126.549805,673080.426758,40680.852539
5,33554432,409,9,1568254.774414,25860.280273,829382.111328,672426.455078,40566.571289
6,33554432,409,9,1561619.671875,25702.488281,822207.872070,673142.618164,40548.649414
7,33554432,409,9,1559926.191406,25764.334961,820883.568359,672617.576172,40644.482422
8,33554432,409,9,1560738.745117,25760.324219,821204.956055,673198.504883,40557.766602
9,33554432,409,9,1561507.306641,25774.375000,822198.129883,672877.478516,40638.957031
0,33554432,409,10,1482633.179688,26067.136719,812811.810547,606774.745117,36717.509766
1,33554432,409,10,1433109.067383,23175.692383,766677.132812,606638.158203,36598.240234
2,33554432,409,10,1432742.274414,23300.063477,766890.987305,605910.009766,36620.767578
3,33554432,409,10,1434459.927734,23137.349609,769059.060547,605652.910156,36590.615234
4,33554432,409,10,1434189.994141,23161.861328,768678.961914,605769.860352,36559.110352
5,33554432,409,10,1434526.967773,23218.431641,768504.163086,606209.188477,36576.958984
6,33554432,409,10,1433953.069336,23230.079102,768145.426758,605972.803711,36586.273438
7,33554432,409,10,1436425.089844,23187.523438,770610.584961,606029.328125,36577.901367
8,33554432,409,10,1440079.292969,23251.536133,774342.211914,605916.868164,36548.184570
9,33554432,409,10,1439029.492188,23302.641602,772866.774414,606100.454102,36740.791016
0,33554432,409,11,1375409.100586,24079.205078,766614.997070,551156.188477,33288.317383
1,33554432,409,11,1320679.567383,21188.204102,715368.632812,550902.773438,33196.644531
2,33554432,409,11,1321630.436523,21142.966797,715952.501953,551301.210938,33210.198242
3,33554432,409,11,1320706.589844,21273.678711,714963.890625,551158.148438,33287.257812
4,33554432,409,11,1320873.738281,21187.593750,715720.730469,550689.601562,33252.056641
5,33554432,409,11,1323903.880859,21319.175781,718525.492188,550741.255859,33295.335938
6,33554432,409,11,1326013.970703,21218.257812,720744.984375,550788.028320,33239.980469
7,33554432,409,11,1325454.671875,21192.501953,719785.871094,551157.176758,33298.074219
8,33554432,409,11,1326596.458984,21175.114258,721369.286133,550723.440430,33306.134766
9,33554432,409,11,1326391.789062,21178.652344,720906.964844,551011.291992,33270.233398
0,33554432,409,12,1277177.855469,22106.666016,719250.959961,505038.057617,30492.268555
1,33554432,409,12,1218838.245117,19408.575195,663821.874023,505086.535156,30498.765625
2,33554432,409,12,1223338.348633,19462.885742,668199.352539,505132.732422,30519.919922
3,33554432,409,12,1219622.038086,19411.458008,664522.673828,505176.576172,30487.883789
4,33554432,409,12,1220727.410156,19402.182617,665640.575195,505197.712891,30460.507812
5,33554432,409,12,1218394.149414,19488.031250,662848.984375,505504.672852,30530.121094
6,33554432,409,12,1220303.870117,19369.029297,664985.449219,505438.547852,30486.273438
7,33554432,409,12,1223650.665039,19454.127930,668375.818359,505301.945312,30496.946289
8,33554432,409,12,1221948.598633,19366.809570,667105.851562,504974.099609,30479.853516
9,33554432,409,12,1222872.820312,19384.843750,667524.583984,505373.844727,30564.691406
0,33554432,409,13,1191281.072266,20431.010742,675550.844727,466657.988281,28313.173828
1,33554432,409,13,1126015.596680,17965.616211,613478.790039,466299.681641,28247.835938
2,33554432,409,13,1127651.551758,17973.142578,614768.568359,466556.969727,28328.416016
3,33554432,409,13,1125948.376953,17997.139648,613245.363281,466402.514648,28279.147461
4,33554432,409,13,1125007.057617,17904.883789,612760.916992,466046.130859,28270.264648
5,33554432,409,13,1127034.042969,17948.983398,613747.293945,467031.803711,28281.667969
6,33554432,409,13,1126314.181641,17960.573242,613427.901367,466573.187500,28326.839844
7,33554432,409,13,1127189.906250,17943.551758,613349.320312,467607.818359,28265.147461
8,33554432,409,13,1133114.541016,18009.162109,620409.830078,466454.478516,28216.791016
9,33554432,409,13,1128107.672852,18026.989258,615476.000977,466335.437500,28243.994141
0,33554432,409,14,1116826.368164,19096.392578,638195.708008,432875.472656,26313.305664
1,33554432,409,14,1045730.519531,16658.773438,569927.908203,432840.049805,26274.624023
2,33554432,409,14,1045425.096680,16659.643555,569238.333008,433170.323242,26326.783203
3,33554432,409,14,1047275.988281,16668.939453,571258.425781,432995.454102,26326.758789
4,33554432,409,14,1047184.791016,16622.392578,571124.589844,433124.716797,26284.242188
5,33554432,409,14,1045074.930664,16695.673828,569335.359375,432776.944336,26239.789062
6,33554432,409,14,1052222.988281,16751.981445,576210.541016,432976.740234,26256.767578
7,33554432,409,14,1045102.200195,16737.105469,568821.247070,433247.804688,26269.819336
8,33554432,409,14,1047466.876953,16716.354492,571529.920898,432949.045898,26244.500977
9,33554432,409,14,1044634.039062,16636.850586,568740.859375,432992.721680,26232.214844
0,33554432,409,15,1058557.309570,17720.086914,611219.477539,404717.794922,24546.305664
1,33554432,409,15,976833.038086,15626.646484,532511.919922,404049.202148,24616.392578
2,33554432,409,15,976310.324219,15544.558594,531974.401367,404176.063477,24587.143555
3,33554432,409,15,976710.742188,15572.960938,532380.310547,404171.200195,24561.785156
4,33554432,409,15,977165.418945,15594.493164,532929.134766,404044.123047,24570.428711
5,33554432,409,15,982164.189453,15592.094727,537924.745117,404051.970703,24568.421875
6,33554432,409,15,978478.818359,15527.664062,533134.203125,405223.514648,24565.023438
7,33554432,409,15,977029.028320,15549.208008,532590.325195,404247.681641,24616.111328
8,33554432,409,15,978677.991211,15628.590820,534211.495117,404244.301758,24566.849609
9,33554432,409,15,980740.415039,15592.295898,536407.488281,404155.009766,24558.867188
0,33554432,409,16,1009544.172852,16690.826172,590465.323242,378947.562500,23046.219727
1,33554432,409,16,920184.987305,14612.377930,503455.473633,379068.880859,23016.514648
2,33554432,409,16,921482.392578,14638.193359,504597.873047,379114.811523,23102.628906
3,33554432,409,16,921999.527344,14609.167969,505335.674805,378936.669922,23088.904297
4,33554432,409,16,926566.232422,14612.802734,509938.080078,378939.587891,23046.911133
5,33554432,409,16,924186.920898,14617.696289,507313.955078,379152.819336,23074.740234
6,33554432,409,16,923638.445312,14727.585938,506660.012695,379096.484375,23123.038086
7,33554432,409,16,922674.002930,14664.984375,505936.800781,378920.313477,23122.479492
8,33554432,409,16,923316.144531,14658.609375,506523.362305,378988.381836,23115.657227
9,33554432,409,16,922952.622070,14644.737305,506067.642578,379089.513672,23118.846680
0,33554432,409,17,958106.823242,15919.440430,562985.512695,357043.771484,21754.594727
1,33554432,409,17,867516.286133,13802.406250,474851.343750,357034.665039,21795.838867
2,33554432,409,17,868295.409180,13843.399414,475801.512695,356891.000977,21723.129883
3,33554432,409,17,867433.818359,13761.882812,475058.706055,356862.008789,21716.918945
4,33554432,409,17,875944.856445,13741.740234,483339.764648,357069.612305,21757.588867
5,33554432,409,17,871805.285156,13761.708984,479082.759766,357085.488281,21842.104492
6,33554432,409,17,868915.537109,13786.663086,476741.207031,356599.617188,21753.466797
7,33554432,409,17,868458.205078,13796.500977,475824.104492,357067.075195,21733.626953
8,33554432,409,17,867357.672852,13776.321289,475036.735352,356779.887695,21730.179688
9,33554432,409,17,868166.870117,13797.815430,475612.189453,356917.886719,21803.932617
0,33554432,409,18,917868.640625,14851.890625,545019.221680,336925.786133,20640.159180
1,33554432,409,18,820863.801758,13035.052734,450539.015625,336700.173828,20555.972656
2,33554432,409,18,821264.639648,12981.740234,450961.774414,336759.131836,20529.831055
3,33554432,409,18,822158.801758,12992.402344,451890.428711,336721.540039,20518.958008
4,33554432,409,18,822420.327148,12979.661133,451252.375000,337586.419922,20567.478516
5,33554432,409,18,827446.256836,13004.843750,456797.957031,337060.199219,20548.022461
6,33554432,409,18,827257.269531,12987.198242,456528.162109,337143.360352,20562.610352
7,33554432,409,18,828112.936523,13009.458984,457233.701172,337232.528320,20603.607422
8,33554432,409,18,825803.787109,12970.011719,455484.011719,336779.598633,20538.434570
9,33554432,409,18,826743.871094,13032.943359,456152.629883,336977.235352,20544.051758
0,33554432,409,19,879276.393555,13980.619141,526213.819336,319094.125000,19529.283203
1,33554432,409,19,777430.510742,12305.791992,426088.038086,319469.609375,19531.085938
2,33554432,409,19,778494.755859,12310.178711,427339.734375,319285.892578,19522.548828
3,33554432,409,19,778458.265625,12299.829102,427043.610352,319531.673828,19546.597656
4,33554432,409,19,778188.640625,12297.373047,427022.769531,319282.239258,19548.174805
5,33554432,409,19,784202.323242,12270.702148,433293.145508,319104.474609,19497.909180
6,33554432,409,19,780395.341797,12292.208008,429214.151367,319296.913086,19555.752930
7,33554432,409,19,779061.380859,12341.742188,427988.398438,319180.739258,19514.608398
8,33554432,409,19,781334.233398,12299.640625,429814.821289,319628.055664,19557.175781
9,33554432,409,19,785021.773438,12345.293945,433622.317383,319485.022461,19531.646484
0,33554432,409,20,853989.637695,13603.136719,517911.284180,303381.266602,18593.341797
1,33554432,409,20,739505.972656,11690.478516,405957.291016,303269.145508,18549.574219
2,33554432,409,20,740280.857422,11767.768555,406457.517578,303474.041992,18541.214844
3,33554432,409,20,739319.776367,11768.902344,405891.423828,303071.627930,18548.865234
4,33554432,409,20,740324.618164,11723.749023,406677.750977,303372.433594,18513.466797
5,33554432,409,20,739957.679688,11706.659180,406037.583984,303603.350586,18571.677734
6,33554432,409,20,741463.316406,11689.943359,406457.574219,304658.917969,18616.988281
7,33554432,409,20,741841.034180,11680.459961,407983.698242,303545.042969,18594.895508
8,33554432,409,20,741842.292969,11674.195312,408281.142578,303290.410156,18558.514648
9,33554432,409,20,741312.594727,11741.615234,407498.692383,303432.937500,18597.816406
0,33554432,409,21,818572.111328,12861.461914,498746.113281,288781.875000,17681.379883
1,33554432,409,21,707034.747070,11170.362305,389057.997070,289053.260742,17711.630859
2,33554432,409,21,708279.667969,11217.142578,390193.082031,289114.906250,17716.239258
3,33554432,409,21,708787.218750,11164.648438,390688.603516,289182.723633,17711.747070
4,33554432,409,21,707417.806641,11157.009766,389407.231445,289153.529297,17659.811523
5,33554432,409,21,709070.010742,11149.324219,390937.708984,289211.293945,17730.836914
6,33554432,409,21,709305.582031,11210.193359,391358.086914,289010.676758,17685.519531
7,33554432,409,21,709270.889648,11181.310547,391312.112305,289025.339844,17712.267578
8,33554432,409,21,709936.494141,11247.712891,390672.931641,290246.784180,17732.212891
9,33554432,409,21,709959.809570,11172.541016,392354.956055,288672.720703,17715.093750
0,33554432,409,22,798138.680664,12467.307617,492469.475586,275717.703125,16970.066406
1,33554432,409,22,675914.812500,10678.452148,372610.153320,275627.456055,16953.783203
2,33554432,409,22,676826.928711,10659.926758,373218.299805,275980.174805,16926.071289
3,33554432,409,22,678055.951172,10702.428711,374487.969727,275883.173828,16939.439453
4,33554432,409,22,676834.353516,10688.492188,373232.448242,275942.691406,16929.088867
5,33554432,409,22,677472.408203,10690.172852,373985.042969,275814.627930,16939.862305
6,33554432,409,22,678030.900391,10700.472656,374335.332031,275981.231445,16975.314453
7,33554432,409,22,677662.436523,10657.441406,374162.660156,275883.564453,16918.531250
8,33554432,409,22,677534.215820,10628.852539,374166.806641,275709.185547,16986.360352
9,33554432,409,22,680896.499023,10737.342773,377546.569336,275605.609375,16968.995117
0,33554432,409,23,781318.747070,11876.318359,488464.158203,263831.952148,16241.370117
1,33554432,409,23,649741.361328,10213.967773,359313.943359,263927.125000,16239.464844
2,33554432,409,23,649511.960938,10246.741211,358897.221680,264096.879883,16228.341797
3,33554432,409,23,649066.347656,10277.044922,358597.243164,263884.206055,16267.282227
4,33554432,409,23,650866.958008,10238.148438,360561.055664,263803.206055,16222.479492
5,33554432,409,23,650737.457031,10265.157227,360167.389648,264008.833008,16250.677734
6,33554432,409,23,650237.145508,10253.170898,359823.180664,263896.830078,16219.754883
7,33554432,409,23,649445.015625,10250.848633,359127.786133,263769.043945,16257.237305
8,33554432,409,23,650567.079102,10248.826172,359737.923828,264275.805664,16262.914062
9,33554432,409,23,651201.343750,10232.874023,360532.120117,264133.416016,16259.607422
0,33554432,409,24,748572.246094,11712.685547,467758.231445,252975.390625,15568.580078
1,33554432,409,24,620911.235352,9773.728516,342499.817383,252963.402344,15631.343750
2,33554432,409,24,622847.634766,9819.788086,344323.919922,253072.804688,15588.035156
3,33554432,409,24,621847.098633,9890.447266,343278.455078,253048.574219,15584.108398
4,33554432,409,24,622894.113281,9789.984375,344292.202148,253191.879883,15577.848633
5,33554432,409,24,624584.838867,9811.585938,346275.668945,252822.692383,15625.781250
6,33554432,409,24,623298.327148,9817.336914,344847.645508,252967.912109,15620.323242
7,33554432,409,24,624526.183594,9789.615234,346048.904297,253021.966797,15623.142578
8,33554432,409,24,624250.466797,9816.086914,345898.670898,252932.494141,15557.664062
9,33554432,409,24,623657.262695,9749.670898,345433.927734,252875.048828,15549.183594
0,33554432,409,25,738722.888672,11023.240234,469442.301758,242697.758789,14992.458008
1,33554432,409,25,596466.475586,9449.521484,329157.649414,242832.704102,14979.334961
2,33554432,409,25,597233.152344,9415.759766,329837.186523,242945.866211,14987.322266
3,33554432,409,25,597200.002930,9509.988281,329730.373047,242933.408203,14981.768555
4,33554432,409,25,597384.821289,9445.736328,330126.994141,242750.852539,15012.206055
5,33554432,409,25,597496.486328,9460.082031,330346.103516,242666.639648,14977.647461
6,33554432,409,25,597653.117188,9425.424805,330335.508789,242833.799805,15010.256836
7,33554432,409,25,603273.688477,9461.513672,335834.041992,242965.925781,14964.210938
8,33554432,409,25,601067.660156,9426.300781,334003.155273,242607.029297,14982.462891
9,33554432,409,25,601016.708008,9444.636719,333697.308594,242771.258789,15056.704102
0,33554432,409,26,709281.201172,10579.135742,450409.346680,233262.138672,14428.574219
1,33554432,409,26,573544.700195,9105.848633,316686.963867,233273.374023,14429.791992
2,33554432,409,26,573711.783203,9058.671875,316747.295898,233427.635742,14430.915039
3,33554432,409,26,574696.120117,9054.720703,317752.745117,233445.644531,14395.001953
4,33554432,409,26,574575.095703,9036.516602,317474.333008,233621.517578,14393.948242
5,33554432,409,26,575146.125000,9088.956055,318023.352539,233497.205078,14488.801758
6,33554432,409,26,574271.282227,9009.756836,317345.489258,233458.013672,14410.987305
7,33554432,409,26,574125.875000,9104.367188,317173.666016,233397.163086,14402.072266
8,33554432,409,26,573843.838867,9118.061523,316990.669922,233276.678711,14412.951172
9,33554432,409,26,574249.528320,8978.869141,317382.836914,233446.343750,14396.098633
0,33554432,409,27,706402.154297,10366.150391,456544.409180,224923.909180,13922.719727
1,33554432,409,27,558614.339844,8729.155273,311118.328125,224792.094727,13925.497070
2,33554432,409,27,556469.546875,8752.049805,308984.280273,224772.546875,13913.378906
3,33554432,409,27,557270.642578,8788.704102,309616.386719,224854.686523,13965.199219
4,33554432,409,27,554716.673828,8745.570312,307132.313477,224868.402344,13917.757812
5,33554432,409,27,555580.559570,8811.080078,307903.692383,224889.862305,13927.967773
6,33554432,409,27,556557.350586,8779.134766,309023.907227,224776.486328,13930.932617
7,33554432,409,27,556082.219727,8828.685547,308550.774414,224722.775391,13932.344727
8,33554432,409,27,557341.992188,8764.585938,309682.700195,224897.327148,13948.518555
9,33554432,409,27,555808.473633,8790.391602,308158.457031,224883.125000,13926.981445
0,33554432,409,28,682704.041016,9978.504883,441765.265625,216834.171875,13461.461914
1,33554432,409,28,536807.070312,8437.964844,297760.601562,217139.883789,13417.017578
2,33554432,409,28,537728.142578,8438.971680,298746.160156,217029.807617,13461.768555
3,33554432,409,28,536997.562500,8385.703125,298291.187500,216814.204102,13453.210938
4,33554432,409,28,537557.070312,8465.475586,298713.583984,216857.539062,13467.421875
5,33554432,409,28,537685.683594,8475.103516,298819.405273,216892.389648,13445.608398
6,33554432,409,28,543023.964844,8415.127930,304425.999023,216721.183594,13409.779297
7,33554432,409,28,540846.950195,8459.483398,302072.602539,216818.268555,13442.067383
8,33554432,409,28,541257.043945,8408.597656,302498.193359,216850.401367,13445.149414
9,33554432,409,28,540735.403320,8458.583008,301846.616211,216905.813477,13470.820312
0,33554432,409,29,677520.792969,9602.201172,444777.977539,209446.235352,13032.877930
1,33554432,409,29,518699.098633,8065.819336,288163.314453,209341.803711,13074.928711
2,33554432,409,29,519006.593750,8131.486328,288552.858398,209266.444336,13007.880859
3,33554432,409,29,518854.851562,8150.598633,288308.577148,209327.318359,13016.874023
4,33554432,409,29,519533.977539,8115.204102,288614.876953,209740.582031,13012.890625
5,33554432,409,29,519218.319336,8113.759766,288624.659180,209414.893555,13014.283203
6,33554432,409,29,519127.075195,8299.843750,288444.004883,209296.144531,13036.195312
7,33554432,409,29,519435.031250,8160.777344,288894.913086,209298.523438,13024.141602
8,33554432,409,29,518817.376953,8133.944336,288250.083984,209352.454102,13030.453125
9,33554432,409,29,518620.565430,8167.658203,288049.362305,209270.098633,13078.867188
0,33554432,409,30,657917.333008,9727.845703,432499.916992,202399.539062,12613.235352
1,33554432,409,30,506845.808594,7870.761719,283706.978516,202612.365234,12595.057617
2,33554432,409,30,504183.060547,7904.125977,281304.896484,202313.284180,12607.248047
3,33554432,409,30,503245.278320,7916.492188,279929.083984,202754.273438,12590.236328
4,33554432,409,30,504305.419922,7889.321289,279613.266602,204080.283203,12668.309570
5,33554432,409,30,503140.575195,7945.637695,280067.316406,202436.156250,12636.580078
6,33554432,409,30,503347.461914,7917.121094,280379.528320,202350.722656,12645.017578
7,33554432,409,30,503091.829102,7894.277344,279977.425781,202578.801758,12586.500977
8,33554432,409,30,503444.444336,7898.437500,280343.910156,202510.912109,12630.358398
9,33554432,409,30,502624.592773,7891.452148,279429.190430,202561.602539,12684.987305
0,33554432,409,31,651653.077148,9096.298828,433185.826172,196375.588867,12261.750977
1,33554432,409,31,486527.439453,7699.234375,270536.903320,195954.122070,12275.456055
2,33554432,409,31,488843.414062,7621.011719,272899.947266,195990.085938,12275.618164
3,33554432,409,31,486842.175781,7605.986328,271091.204102,195817.743164,12271.928711
4,33554432,409,31,487506.911133,7620.041016,271362.706055,196195.369141,12271.650391
5,33554432,409,31,485966.429688,7656.779297,270171.814453,195815.682617,12269.491211
6,33554432,409,31,487334.976562,7643.238281,271392.800781,195946.590820,12291.515625
7,33554432,409,31,493957.258789,7656.830078,278048.108398,195909.274414,12283.818359
8,33554432,409,31,491204.339844,7586.016602,275405.042969,195890.088867,12261.720703
9,33554432,409,31,490837.736328,7662.142578,275057.280273,195760.343750,12302.861328
0,33554432,409,32,644379.794922,8971.750000,432532.543945,189896.054688,11862.936523
1,33554432,409,32,471974.778320,7476.280273,262766.315430,189803.713867,11870.855469
2,33554432,409,32,471497.194336,7451.951172,262425.927734,189708.996094,11848.821289
3,33554432,409,32,471674.528320,7457.272461,262440.418945,189878.472656,11834.678711
4,33554432,409,32,471232.611328,7451.318359,261910.059570,189955.427734,11854.489258
5,33554432,409,32,472147.329102,7485.437500,262839.368164,189866.925781,11894.256836
6,33554432,409,32,471759.614258,7457.188477,262494.006836,189882.705078,11864.596680
7,33554432,409,32,471030.384766,7416.484375,261842.759766,189818.065430,11890.198242
8,33554432,409,32,471857.750977,7482.235352,262563.175781,189860.373047,11886.635742
9,33554432,409,32,471537.846680,7459.105469,262145.541016,189998.170898,11869.607422
0,33554432,409,33,634121.033203,8609.402344,429010.945312,184174.692383,11569.504883
1,33554432,409,33,457676.711914,7227.389648,254879.381836,183935.917969,11574.384766
2,33554432,409,33,458020.507812,7212.834961,255033.686523,184119.674805,11596.564453
3,33554432,409,33,463446.037109,7151.594727,254919.142578,189745.485352,11573.150391
4,33554432,409,33,459792.260742,7202.499023,256849.608398,184112.245117,11565.989258
5,33554432,409,33,460967.502930,7168.222656,258095.530273,184106.368164,11541.017578
6,33554432,409,33,460536.557617,7236.632812,257640.640625,184024.187500,11572.607422
7,33554432,409,33,460797.031250,7165.672852,257842.989258,184159.776367,11565.029297
8,33554432,409,33,461140.679688,7197.352539,258111.703125,184182.424805,11588.054688
9,33554432,409,33,462155.141602,7155.876953,259251.354492,184138.907227,11550.363281
0,33554432,409,34,624466.087891,8689.767578,425119.092773,178606.626953,11247.368164
1,33554432,409,34,444141.972656,7001.998047,247164.954102,178628.051758,11287.170898
2,33554432,409,34,443734.201172,6999.391602,246809.349609,178624.669922,11241.271484
3,33554432,409,34,443766.142578,6946.072266,246744.128906,178729.541992,11285.915039
4,33554432,409,34,443665.818359,7022.997070,246785.172852,178532.368164,11264.189453
5,33554432,409,34,443494.418945,6986.233398,246646.104492,178530.171875,11277.455078
6,33554432,409,34,443656.593750,7034.580078,246449.612305,178750.279297,11362.565430
7,33554432,409,34,442932.290039,7001.046875,246051.110352,178573.647461,11237.601562
8,33554432,409,34,443406.785156,6961.514648,246426.786133,178684.634766,11269.605469
9,33554432,409,34,443832.232422,7008.888672,246833.286133,178649.784180,11278.003906
0,33554432,409,35,615161.208984,8098.709961,421704.660156,173581.004883,10951.693359
1,33554432,409,35,431511.797852,6826.657227,240264.977539,173425.373047,10933.864258
2,33554432,409,35,431931.665039,6798.430664,240719.710938,173442.478516,10906.948242
3,33554432,409,35,432031.912109,6807.940430,240625.805664,173601.598633,10930.762695
4,33554432,409,35,431454.674805,6802.654297,240194.753906,173435.085938,10958.207031
5,33554432,409,35,431591.628906,6779.986328,240220.326172,173543.934570,10985.168945
6,33554432,409,35,431368.424805,6773.030273,240053.207031,173525.545898,10953.634766
7,33554432,409,35,431435.273438,6770.725586,239969.853516,173732.861328,10902.696289
8,33554432,409,35,431590.019531,6836.815430,240094.211914,173652.549805,10948.724609
9,33554432,409,35,432121.130859,6780.191406,240779.302734,173572.470703,10925.401367
0,33554432,409,36,609496.224609,8281.515625,420811.373047,168854.492188,10698.764648
1,33554432,409,36,421886.245117,6658.701172,235767.283203,168743.067383,10647.808594
2,33554432,409,36,420933.170898,6647.258789,234719.568359,168802.488281,10700.013672
3,33554432,409,36,420477.842773,6640.790039,234216.163086,168824.248047,10732.498047
4,33554432,409,36,420238.408203,6632.626953,234084.074219,168787.533203,10668.576172
5,33554432,409,36,420236.445312,6620.370117,234161.538086,168656.066406,10726.828125
6,33554432,409,36,420628.063477,6635.031250,234403.650391,168837.283203,10685.355469
7,33554432,409,36,421492.940430,6629.635742,235211.675781,168898.082031,10686.759766
8,33554432,409,36,427079.940430,6623.307617,240868.966797,168836.222656,10687.978516
9,33554432,409,36,425472.623047,6622.814453,239409.130859,168719.038086,10656.451172
0,33554432,409,37,602694.917969,7816.549805,419248.243164,164363.094727,10413.573242
1,33554432,409,37,411961.935547,6419.791992,230697.143555,164362.199219,10414.627930
2,33554432,409,37,410402.485352,6436.914062,229385.355469,164088.166992,10420.159180
3,33554432,409,37,410081.375977,6444.837891,229009.710938,164139.461914,10422.836914
4,33554432,409,37,410862.272461,6411.125977,229817.171875,164142.432617,10424.907227
5,33554432,409,37,410632.039062,6404.178711,229644.099609,164129.992188,10393.102539
6,33554432,409,37,411039.806641,6425.542969,229940.160156,164176.597656,10430.752930
7,33554432,409,37,410882.271484,6426.391602,229829.616211,164142.742188,10416.763672
8,33554432,409,37,411038.326172,6427.168945,229885.451172,164226.704102,10428.406250
9,33554432,409,37,410619.177734,6449.083984,229539.883789,164176.457031,10384.363281
0,33554432,409,38,580172.518555,7990.471680,401149.080078,159925.835938,10231.975586
1,33554432,409,38,400048.474609,6272.633789,223662.301758,159851.177734,10190.872070
2,33554432,409,38,398958.590820,6281.036133,222440.382812,160021.022461,10147.873047
3,33554432,409,38,399138.279297,6279.030273,222585.520508,160018.422852,10184.888672
4,33554432,409,38,398981.043945,6278.458984,222446.166992,160014.025391,10169.697266
5,33554432,409,38,399182.262695,6288.800781,222732.133789,159921.129883,10171.453125
6,33554432,409,38,399952.285156,6304.031250,222636.891602,160752.631836,10191.534180
7,33554432,409,38,402992.202148,6268.586914,226547.831055,159906.695312,10198.500977
8,33554432,409,38,403060.902344,6332.448242,226538.818359,159937.062500,10184.202148
9,33554432,409,38,402926.647461,6264.194336,226420.806641,160012.290039,10159.569336
0,33554432,409,39,587440.973633,7447.773438,413131.317383,155972.795898,9929.004883
1,33554432,409,39,392021.570312,6106.239258,219972.209961,155939.159180,9930.098633
2,33554432,409,39,390834.214844,6127.107422,218946.321289,155762.840820,9928.940430
3,33554432,409,39,390694.372070,6140.287109,218823.266602,155764.516602,9895.073242
4,33554432,409,39,390750.327148,6135.765625,218862.676758,155751.365234,9930.210938
5,33554432,409,39,390523.891602,6079.573242,218646.053711,155787.883789,9938.660156
6,33554432,409,39,390888.517578,6121.470703,218696.693359,156048.874023,9947.791992
7,33554432,409,39,390902.862305,6127.698242,218748.852539,155983.210938,9971.313477
8,33554432,409,39,390601.373047,6150.817383,218709.953125,155750.776367,9918.087891
9,33554432,409,39,390798.552734,6153.177734,218980.783203,155686.006836,9899.114258
0,33554432,409,40,581633.387695,7601.538086,411487.761719,151905.787109,9739.674805
1,33554432,409,40,382852.819336,6022.574219,215018.495117,151981.815430,9761.437500
2,33554432,409,40,379825.991211,5990.574219,212145.893555,151910.208008,9706.357422
3,33554432,409,40,379975.856445,6050.626953,212185.518555,151908.720703,9759.311523
4,33554432,409,40,380026.658203,5943.754883,212483.242188,151827.976562,9702.902344
5,33554432,409,40,386223.964844,5961.504883,218452.407227,152022.408203,9714.517578
6,33554432,409,40,383302.148438,6026.157227,215389.558594,152085.285156,9723.729492
7,33554432,409,40,382992.964844,5960.927734,215159.096680,152074.409180,9726.860352
8,33554432,409,40,383021.174805,6006.824219,215054.930664,152128.935547,9762.280273
9,33554432,409,40,383226.190430,6037.334961,215387.847656,152020.733398,9711.618164
0,33554432,409,41,575120.815430,7163.281250,409048.672852,148403.684570,9557.452148
1,33554432,409,41,374191.097656,5822.082031,210434.608398,148313.044922,9541.880859
2,33554432,409,41,372373.993164,5904.198242,208532.621094,148352.415039,9511.238281
3,33554432,409,41,372434.495117,5848.478516,208730.929688,148262.093750,9518.439453
4,33554432,409,41,372878.486328,5843.193359,209256.586914,148203.905273,9497.301758
5,33554432,409,41,372301.595703,5852.824219,208707.654297,148146.550781,9515.056641
6,33554432,409,41,379746.487305,5792.482422,208095.115234,148183.341797,17570.162109
7,33554432,409,41,372066.941406,5867.671875,208170.196289,148406.520508,9548.987305
8,33554432,409,41,372126.731445,5851.350586,208314.008789,148358.152344,9528.281250
9,33554432,409,41,371736.257812,5800.706055,208124.698242,148267.677734,9469.127930
0,33554432,409,42,558733.455078,7094.246094,396677.576172,144634.583008,9317.135742
1,33554432,409,42,365885.729492,5738.295898,206166.878906,144576.077148,9327.675781
2,33554432,409,42,364084.838867,5718.191406,204091.952148,144873.056641,9323.173828
3,33554432,409,42,363809.450195,5714.493164,203973.083008,144794.132812,9250.372070
4,33554432,409,42,363703.919922,5745.043945,203864.059570,144726.334961,9295.518555
5,33554432,409,42,368624.499023,5727.083008,208842.915039,144640.814453,9343.885742
6,33554432,409,42,364273.612305,5712.303711,204523.294922,144637.316406,9321.465820
7,33554432,409,42,363893.324219,5682.282227,204183.264648,144673.895508,9280.222656
8,33554432,409,42,363859.136719,5710.905273,203975.149414,144804.658203,9290.217773
9,33554432,409,42,364144.754883,5721.046875,204239.947266,144782.023438,9327.798828
0,33554432,409,43,566178.015625,7001.038086,407567.786133,141427.405273,9160.679688
1,33554432,409,43,361412.432617,5620.016602,205138.027344,141423.548828,9151.913086
2,33554432,409,43,357825.021484,5622.828125,201626.873047,141340.249023,9156.587891
3,33554432,409,43,357524.366211,5597.773438,201450.050781,141263.744141,9135.294922
4,33554432,409,43,357842.874023,5586.277344,201668.875977,141374.722656,9140.685547
5,33554432,409,43,358162.059570,5676.939453,201705.928711,141556.651367,9143.056641
6,33554432,409,43,357766.715820,5537.047852,201711.108398,141294.175781,9152.791992
7,33554432,409,43,357747.801758,5586.268555,201670.216797,141296.840820,9121.879883
8,33554432,409,43,358061.031250,5549.517578,201837.045898,141421.315430,9179.377930
9,33554432,409,43,357645.100586,5581.128906,201413.922852,141431.424805,9142.959961
0,33554432,409,44,558012.078125,6877.731445,402829.632812,138306.245117,8993.531250
1,33554432,409,44,353410.090820,5594.962891,200548.847656,138243.126953,8943.421875
2,33554432,409,44,349993.638672,5619.459961,196936.735352,138400.419922,8957.117188
3,33554432,409,44,350337.102539,5659.887695,197208.508789,138444.171875,8944.760742
4,33554432,409,44,351172.023438,5645.881836,197054.838867,139474.499023,8915.353516
5,33554432,409,44,356693.474609,5610.382812,203865.354492,138179.042969,8954.333984
6,33554432,409,44,356261.965820,5635.446289,203404.610352,138178.655273,8963.639648
7,33554432,409,44,356702.755859,5647.124023,203705.805664,138272.814453,8998.757812
8,33554432,409,44,356317.382812,5561.473633,203560.205078,138158.537109,8956.863281
9,33554432,409,44,356643.130859,5601.041016,203609.137695,138338.552734,9009.344727
0,33554432,409,45,556859.384766,6530.059570,404969.587891,135181.173828,8733.870117
1,33554432,409,45,346102.554688,5414.530273,196759.805664,135014.907227,8835.182617
2,33554432,409,45,341700.999023,5330.135742,192497.595703,134979.303711,8811.453125
3,33554432,409,45,342199.055664,5481.663086,192761.920898,135067.933594,8797.827148
4,33554432,409,45,342286.699219,5447.752930,192947.287109,135015.965820,8790.034180
5,33554432,409,45,342593.349609,5495.591797,192979.416992,135260.672852,8777.135742
6,33554432,409,45,342833.068359,5501.821289,193243.530273,135224.074219,8782.189453
7,33554432,409,45,342566.833984,5489.133789,193040.372070,135145.711914,8811.362305
8,33554432,409,45,342551.080078,5501.289062,192831.731445,135302.127930,8836.706055
9,33554432,409,45,342653.759766,5529.367188,193003.064453,135224.533203,8812.087891
0,33554432,409,46,538080.259766,6943.507812,389039.654297,132357.127930,8668.415039
1,33554432,409,46,340093.484375,5409.317383,193690.900391,132236.029297,8665.016602
2,33554432,409,46,335791.776367,5400.023438,189309.570312,132306.958008,8685.309570
3,33554432,409,46,335277.301758,5407.098633,188813.152344,132287.073242,8682.716797
4,33554432,409,46,334920.069336,5372.430664,188496.909180,132326.579102,8638.986328
5,33554432,409,46,343840.577148,5430.257812,197424.204102,132212.324219,8683.730469
6,33554432,409,46,339370.157227,5388.977539,192962.862305,132261.054688,8665.759766
7,33554432,409,46,339474.933594,5393.037109,193064.436523,132229.500000,8697.016602
8,33554432,409,46,340587.249023,5380.769531,194270.400391,132180.166992,8672.669922
9,33554432,409,46,344471.795898,5432.782227,197904.921875,132370.756836,8683.274414
0,33554432,409,47,552093.588867,6481.697266,406532.783203,129469.067383,8512.355469
1,33554432,409,47,336235.010742,5281.681641,190805.705078,131544.337891,8515.150391
2,33554432,409,47,329171.681641,5280.504883,185774.980469,129542.165039,8482.178711
3,33554432,409,47,329116.532227,5287.602539,185667.061523,129571.181641,8502.213867
4,33554432,409,47,329746.210938,5287.413086,186110.999023,129725.021484,8534.048828
5,33554432,409,47,329270.215820,5295.632812,185656.711914,129703.111328,8525.834961
6,33554432,409,47,330346.228516,5286.816406,186940.924805,129526.948242,8502.155273
7,33554432,409,47,329412.962891,5300.073242,185933.244141,129618.907227,8471.498047
8,33554432,409,47,329429.800781,5286.987305,186147.219727,129425.051758,8481.194336
9,33554432,409,47,329576.216797,5249.538086,186384.189453,129413.439453,8438.493164
0,33554432,409,48,529412.291016,7030.164062,386104.414062,126740.188477,8413.772461
1,33554432,409,48,328373.083008,5302.594727,187788.531250,126754.703125,8436.016602
2,33554432,409,48,323130.927734,5189.310547,182802.504883,126634.102539,8425.024414
3,33554432,409,48,323399.583984,5255.792969,182948.695312,126710.855469,8402.214844
4,33554432,409,48,366395.415039,5364.119141,190400.803711,162129.798828,8408.470703
5,33554432,409,48,323969.653320,5317.711914,183444.458008,126754.838867,8368.262695
6,33554432,409,48,331505.074219,5227.493164,190974.634766,126806.696289,8410.120117
7,33554432,409,48,324150.721680,5352.405273,183554.755859,126695.807617,8460.846680
8,33554432,409,48,323910.875000,5279.891602,183321.103516,126783.869141,8442.853516
9,33554432,409,48,324040.493164,5353.013672,183494.549805,126636.979492,8467.104492